{"cls_token": {"content": "<s>", "single_word": false, "lstrip": false, "rstrip": false, "normalized": true}, 
"pad_token": {"content": "<pad>", "single_word": false, "lstrip": false, "rstrip": false, "normalized": true},
"bos_token": {"content": "</s>", "single_word": false, "lstrip": false, "rstrip": false, "normalized": true}, 
"eos_token": {"content": "</s>", "single_word": false, "lstrip": false, "rstrip": false, "normalized": true}, 
"unk_token": {"content": "</s>", "single_word": false, "lstrip": false, "rstrip": false, "normalized": true}}

